indicativo,provincia,nombre,latitud,longitud,altitud
B013X,ILLES BALEARS,"ESCORCA, LLUC",394924N,025309E,490
B051A,BALEARES,"SÓLLER, PUERTO",394744N,024129E,5
B087X,ILLES BALEARS,BANYALBUFAR,394121N,023046E,60
B103B,BALEARES,ANDRATX - SANT ELM,393446N,022208E,52
B158X,BALEARES,"CALVIÀ, ES CAPDELLÀ",393305N,022759E,50
B228,ILLES BALEARS,"PALMA, PUERTO",393315N,023731E,3
B236C,ILLES BALEARS,"PALMA, UNIVERSITAT",393832N,023838E,95
B248,ILLES BALEARS,"SIERRA DE ALFABIA, BUNYOLA",394406N,024247E,1030
B275E,BALEARES,"SON BONET, AEROPUERTO",393621N,024224E,47
B278,BALEARES,"PALMA DE MALLORCA, AEROPUERTO",393339N,024412E,5
B301,ILLES BALEARS,"LLUCMAJOR, CAP BLANC",392247N,024706E,113
B334X,ILLES BALEARS,LLUCMAJOR,392944N,025330E,140
B341X,ILLES BALEARS,PORRERES,393022N,030020E,149
B346X,ILLES BALEARS,PORRERES,393118N,030109E,120
B362X,ILLES BALEARS,"CAMPOS, CAN SION",392421N,030351E,40
B373X,ILLES BALEARS,"CAMPOS, SALINES LLEVANT",392104N,030043E,3
B398A,BALEARES,"CABRERA, PARQUE NACIONAL DE CABRERA",390808N,025612E,165
B410B,BALEARES,SANTANYÍ,392024N,030845E,45
B434X,ILLES BALEARS,PORTOCOLOM  ,392452N,031618E,17
B496X,ILLES BALEARS,SON SERVERA,393749N,032301E,25
B526X,ILLES BALEARS,ARTÀ,394119N,032104E,110
B569X,ILLES BALEARS,CAPDEPERA,394300N,032841E,57
B603X,ILLES BALEARS,ARTÀ-COLÒNIA DE SANT PERE,394323N,031643E,99
B605X,ILLES BALEARS,"MURO, S'ALBUFERA",394748N,030617E,2
B614E,ILLES BALEARS,MANACOR,393325N,031304E,100
B640X,BALEARES,PETRA,393659N,030716E,95
B644B,ILLES BALEARS,SINEU,393836N,030008E,120
B656A,BALEARES,SANTA MARÍA DEL CAMÍ,393909N,024801E,121
B662X,ILLES BALEARS,BINISSALEM,394041N,025226E,105
B684A,ILLES BALEARS,"ESCORCA, SON TORRELLA",394734N,024716E,842
B691,BALEARES,LA PUEBLA (SA CANOVA),394454N,030055E,40
B691Y,BALEARES,SA POBLA,394457N,030100E,32
B760X,ILLES BALEARS,POLLENÇA,395237N,030127E,45
B780X,ILLES BALEARS,PORT DE POLLENÇA,395434N,030601E,2
B800X,ILLES BALEARS,"LA MOLA, MAÓ",395234N,041926E,78
B825B,ILLES BALEARS,ES MERCADAL,395926N,040511E,80
B860X,ILLES BALEARS,CIUTADELLA,395934N,035114E,20
B870C,BALEARES,"CIUTADELLA, CALA GALDANA",395641N,035724E,43
B893,BALEARES,"MENORCA, AEROPUERTO",395117N,041256E,91
B908X,ILLES BALEARS,SANT JOAN DE LABRITJA,390322N,012933E,110
B925,BALEARES,SANT ANTONI DE PORTMANY,385747N,011917E,32
B954,ILLES BALEARS,"IBIZA, AEROPUERTO",385235N,012304E,6
B957,BALEARES,EIVISSA,385521N,012629E,3
B986,BALEARES,FORMENTERA,384137N,012749E,24
C018J,LAS PALMAS,TÍAS,285811N,134125W,376
C019V,LAS PALMAS,YAIZA PLAYA BLANCA,285132N,135006W,6
C029O,LAS PALMAS,LANZAROTE AEROPUERTO,285707N,133601W,14
C038N,LAS PALMAS,HARÍA,290837N,132921W,277
C048W,LAS PALMAS,TINAJO,290233N,134051W,275
C101A,SANTA CRUZ DE TENERIFE,ROQUE DE LOS MUCHACHOS,284521N,175343W,2223
C117A,STA. CRUZ DE TENERIFE,PUNTAGORDA,284538N,175908W,684
C117Z,STA. CRUZ DE TENERIFE,TIJARAFE,284029N,175612W,733
C126A,STA. CRUZ DE TENERIFE,EL PASO,283914N,175111W,844
C129V,STA. CRUZ DE TENERIFE,FUENCALIENTE,282718N,175028W,19
C129Z,SANTA CRUZ DE TENERIFE,TAZACORTE,283545N,175455W,62
C139E,SANTA CRUZ DE TENERIFE,LA PALMA AEROPUERTO,283759N,174518W,33
C148F,STA. CRUZ DE TENERIFE,SAN ANDRÉS Y SAUCES,284817N,174656W,362
C229J,LAS PALMAS,PÁJARA,280257N,142129W,15
C239N,LAS PALMAS,"TUINEJE,PUERTO GRAN TARAJAL",281231N,140123W,1
C248E,LAS PALMAS,ANTIGUA,282501N,140109W,252
C249I,LAS PALMAS,FUERTEVENTURA AEROPUERTO,282641N,135147W,25
C258K,LAS PALMAS,LA OLIVA,283645N,135554W,217
C314Z,STA. CRUZ DE TENERIFE,"VALLEHERMOSO, ALTO IGUALERO  ",280625N,171457W,1474
C316I,STA. CRUZ DE TENERIFE,ARURE,280742N,171854W,916
C317B,STA. CRUZ DE TENERIFE,AGULO,281044N,171247W,765
C319W,STA. CRUZ DE TENERIFE,"VALLEHERMOSO, DAMA",280315N,171823W,190
C328W,STA. CRUZ DE TENERIFE,HERMIGUA,280949N,171139W,252
C329B,STA. CRUZ DE TENERIFE,"LA GOMERA, AEROPUERTO",280154N,171239W,219
C329Z,STA. CRUZ DE TENERIFE,SAN SEBASTIÁN DE LA GOMERA,280523N,170641W,15
C406G,STA. CRUZ DE TENERIFE,"LA OROTAVA, CAÑADAS TEIDE",281327N,163734W,2150
C412N,STA. CRUZ DE TENERIFE,CITFAGRO_89_CHAVAO,281311N,164219W,2071
C415A,STA. CRUZ DE TENERIFE,CITFAGRO_64_HOYOS,281819N,164820W,990
C417J,STA. CRUZ DE TENERIFE,CITFAGRO_74_CHIO,281400N,164721W,735
C418I,STA. CRUZ DE TENERIFE,CITFAGRO_05_GUIAISO1,281252N,164723W,476
C418L,STA. CRUZ DE TENERIFE,CITFAGRO_76_POZO,281201N,164547W,700
C419L,SANTA CRUZ DE TENERIFE,LOMO DEL BALO,281225N,164731W,403
C419X,STA. CRUZ DE TENERIFE,ADEJE,280453N,164238W,130
C422A,STA. CRUZ DE TENERIFE,CITFAGRO_94_LOSTOPOS,281019N,163905W,1833
C423R,STA. CRUZ DE TENERIFE,CITFAGRO_90_PICACHO,281327N,163116W,1654
C426E,STA. CRUZ DE TENERIFE,CITFAGRO_13_VILAFLOR,280839N,163741W,1258
C426I,STA. CRUZ DE TENERIFE,CITFAGRO_77_PINAL,280737N,163621W,880
C426R,STA. CRUZ DE TENERIFE,CITFAGRO_09_HELECHO,281301N,162926W,930
C428T,STA. CRUZ DE TENERIFE,ARICO,281051N,162860W,418
C428U,STA. CRUZ DE TENERIFE,CITFAGRO_01_ARICO,280752N,162821W,135
C429I,SANTA CRUZ DE TENERIFE,TENERIFE SUR AEROPUERTO,280249N,163340W,64
C430E,SANTA CRUZ DE TENERIFE,IZAÑA,281830N,162959W,2369
C436I,STA. CRUZ DE TENERIFE,CITFAGRO_54_TOPONEGRO,281935N,162420W,290
C436L,STA. CRUZ DE TENERIFE,CITFAGRO_96_ARAYA,282214N,162351W,525
C437E,STA. CRUZ DE TENERIFE,CITFAGRO_81_MENA,281611N,162511W,500
C438N,STA. CRUZ DE TENERIFE,CANDELARIA,282133N,162406W,463
C439J,SANTA CRUZ DE TENERIFE,GÜÍMAR,281906N,162256W,115
C446G,STA. CRUZ DE TENERIFE,"SAN CRISTÓBAL DE LA LAGUNA,LLANO DE LOS LOROS",283135N,161649W,868
C447A,SANTA CRUZ DE TENERIFE,TENERIFE NORTE AEROPUERTO,282839N,161946W,632
C448C,STA. CRUZ DE TENERIFE,CITFAGRO_92_SANTACRUZ,282745N,161624W,136
C449C,SANTA CRUZ DE TENERIFE,STA.CRUZ DE TENERIFE,282748N,161519W,36
C449F,STA. CRUZ DE TENERIFE,ANAGA ,283029N,161144W,19
C449Q,STA. CRUZ DE TENERIFE,CITFAGRO_97_TAGANANA,283336N,161341W,305
C453I,STA. CRUZ DE TENERIFE,CITFAGRO_88_GAITERO,282341N,162600W,1744
C455M,STA. CRUZ DE TENERIFE,CITFAGRO_87_AGUAMANSA,282142N,162949W,1065
C456E,STA. CRUZ DE TENERIFE,CITFAGRO_10_RAVELO,282714N,162431W,922
C456P,STA. CRUZ DE TENERIFE,CITFAGRO_70_BENIJO,282141N,163248W,906
C456R,STA. CRUZ DE TENERIFE,CITFAGRO_69_SUERTE,282222N,163231W,551
C457E,STA. CRUZ DE TENERIFE,CITFAGRO_67_MATANZA,282658N,162617W,650
C457I,STA. CRUZ DE TENERIFE,LA VICTORIA DE ACENTEJO,282604N,162716W,567
C458A,STA. CRUZ DE TENERIFE,TACORONTE,282947N,162512W,310
C458U,STA. CRUZ DE TENERIFE,CITFAGRO_71_PALOB,282207N,163441W,595
C459Z,STA. CRUZ DE TENERIFE,PUERTO DE LA CRUZ,282505N,163254W,25
C466O,STA. CRUZ DE TENERIFE,CITFAGRO_91_CUBO,282021N,164740W,878
C467I,STA. CRUZ DE TENERIFE,CITFAGRO_73_REDON,282112N,164230W,525
C468I,STA. CRUZ DE TENERIFE,CITFAGRO_98_ELDRAGO,282201N,164320W,218
C468O,STA. CRUZ DE TENERIFE,CITFAGRO_62_TRIGO,282125N,164805W,450
C468X,STA. CRUZ DE TENERIFE,SAN JUAN DE LA RAMBLA,282223N,163733W,667
C611E,LAS PALMAS,VEGA DE SAN MATEO,275836N,153502W,1702
C612F,LAS PALMAS,"TEJEDA, CRUZ DE TEJEDA",280025N,153556W,1514
C614H,LAS PALMAS,TEJEDA,275942N,153657W,1060
C619I,LAS PALMAS,LA ALDEA DE SAN NICOLÁS,280003N,154850W,10
C619X,LAS PALMAS,AGAETE,280604N,154246W,5
C619Y,LAS PALMAS,LA ALDEA DE SAN NICOLÁS,280004N,154827W,13
C623I,LAS PALMAS,"SAN BARTOLOME TIRAJANA, CUEVAS DEL PINAR",275536N,153559W,1220
C625O,LAS PALMAS,"SAN BARTOLOME TIRAJANA, LOMO PEDRO ALFONSO",275125N,153842W,806
C628B,LAS PALMAS,"LA ALDEA DE SAN NICOLÁS, TASARTE",275432N,154612W,318
C629Q,LAS PALMAS,"MOGÁN, PUERTO RICO",274648N,154240W,10
C629X,LAS PALMAS,"MOGÁN, PUERTO",274859N,154551W,10
C635B,LAS PALMAS,"SAN BARTOLOME TIRAJANA, LAS TIRAJANAS",275512N,153427W,960
C639M,LAS PALMAS,"MASPALOMAS, C. INSULAR TURISMO ",274529N,153432W,45
C639U,LAS PALMAS,"SAN BARTOLOME TIRAJANA, EL MATORRAL",274845N,152711W,41
C648C,LAS PALMAS,AGÜIMES,275409N,152714W,306
C648N,LAS PALMAS,"TELDE, CENTRO FORESTAL DORAMAS",275915N,152728W,344
C649I,LAS PALMAS,GRAN CANARIA AEROPUERTO,275504N,152343W,24
C649R,LAS PALMAS,"TELDE, MELENARA",275912N,152240W,9
C656V,LAS PALMAS,TEROR,280431N,153250W,683
C658L,LAS PALMAS,LAS PALMAS DE G.C. (TAFIRA CMT),280430N,152703W,269
C658X,LAS PALMAS,"LAS PALMAS DE GRAN CANARIA, TAFIRA",280441N,152712W,269
C659H,LAS PALMAS,"LAS PALMAS DE GRAN CANARIA, SAN CRISTOBAL",280523N,152458W,55
C659M,LAS PALMAS,"LAS PALMAS DE GRAN CANARIA, PL. DE LA FERIA",280647N,152517W,15
C665T,LAS PALMAS,VALLESECO,280356N,153356W,900
C668V,LAS PALMAS,AGAETE - SUERTE ALTA,280540N,154030W,352
C669B,LAS PALMAS,ARUCAS,280830N,153024W,86
C689E,LAS PALMAS,MASPALOMAS,274409N,153545W,6
C839I,LAS PALMAS,TEGUISE,291355N,133007W,10
C839X,LAS PALMAS,LA GRACIOSA,291347N,133037W,19
C916Q,STA. CRUZ DE TENERIFE,"EL PINAR, DEPÓSITO",274308N,175841W,948
C917E,STA. CRUZ DE TENERIFE,"EL PINAR, LA DEHESA",274331N,180654W,713
C919K,STA. CRUZ DE TENERIFE,TACORON-LAPILLAS-TORTUGA,273955N,180107W,98
C925F,STA. CRUZ DE TENERIFE,"SAN ANDRÉS, VALVERDE",274608N,175737W,1070
C928I,STA. CRUZ DE TENERIFE,VALVERDE,274839N,175510W,670
C929I,SANTA CRUZ DE TENERIFE,HIERRO AEROPUERTO,274908N,175320W,32
C939T,STA. CRUZ DE TENERIFE,"FRONTERA, SABINOSA",274523N,180627W,20
0002I,TARRAGONA,VANDELLÒS  ,405729N,005217E,32
0009X,TARRAGONA,ALFORJA,411250N,005748E,406
0016A,TARRAGONA,REUS AEROPUERTO,410842N,010949E,71
0016B,TARRAGONA,REUS (CENTRE LECTURA),410915N,010632E,118
0034X,TARRAGONA,VALLS,411735N,011539E,233
0042Y,TARRAGONA,TARRAGONA ,410726N,011457E,55
0061X,BARCELONA,PONTONS,412501N,013109E,632
0066X,BARCELONA,VILAFRANCA DEL PENEDÈS,411949N,014037E,177
0073X,BARCELONA,SITGES,411438N,015109E,58
0076,BARCELONA,BARCELONA AEROPUERTO,411734N,020412E,4
0092X,BARCELONA,BERGA,420605N,015127E,682
0106X,BARCELONA,BALSARENY,415159N,015221E,361
0114X,BARCELONA,PRATS DE LLUÇANÈS,420025N,020136E,700
0120X,BARCELONA,MOIÀ,414848N,020543E,742
0149D,BARCELONA,MANRESA (LA CULLA),414312N,015025E,291
0149X,BARCELONA,MANRESA,414312N,015025E,291
0158O,BARCELONA,MONTSERRAT,413540N,015021E,738
0158X,BARCELONA,MONISTROL DE MONTSERRAT,413540N,015021E,738
0171X,BARCELONA,IGUALADA,413444N,013704E,313
0194D,BARCELONA,"CORBERA, PUIG D'AGULLES",412429N,015306E,647
0200E,BARCELONA,"BARCELONA, FABRA",412506N,020727E,408
0201D,BARCELONA,"BARCELONA, PORT OLÍMPIC",412326N,021200E,26
0201X,BARCELONA,"BARCELONA, DRASSANES",412230N,021026E,11
0222X,BARCELONA,CALDES DE MONTBUI,413646N,021006E,175
0229I,BARCELONA,SABADELL AEROPUERTO,413125N,020611E,146
0244X,BARCELONA,VILASSAR DE DALT,413018N,022145E,56
0252D,BARCELONA,ARENYS DE MAR,413514N,023224E,74
0255B,BARCELONA,SANTA SUSANNA,413903N,024149E,40
0260X,BARCELONA,FOGARS DE MONTCLÚS,414536N,022552E,936
0281Y,GIRONA,BLANES,414037N,024818E,45
0284X,GIRONA,CASTELL D'ARO,414828N,030151E,14
0294B,GIRONA,LA BISBAL (D'EMPORDA 3),415804N,030232E,51
0312X,GIRONA,SANT PAU DE SEGÚRIES,421530N,022152E,851
0320I,GIRONA,PLANOLES,421901N,020610E,1151
0321,GIRONA,CAMPDEVANOL,421322N,021002E,731
0324A,GIRONA,RIPOLL,421129N,021146E,675
0341,BARCELONA,TONA (ESCOLA),415049N,021321E,607
0341X,BARCELONA,TONA,415049N,021321E,607
0349,BARCELONA,SANT JULIÀ  DE VILATORTA,415534N,021903E,578
0360X,GIRONA,LES PLANES D'HOSTOLES,420310N,023304E,337
0363X,GIRONA,SANT HILARI,415251N,023048E,810
0367,GIRONA,GIRONA AEROPUERTO,415441N,024547E,143
0370B,GIRONA,"GIRONA, ANTIC INSTITUT",415848N,024931E,95
0370E,GIRONA,GIRONA,415820N,024910E,76
0372C,GIRONA,PORQUERES,420616N,024549E,157
0385X,GIRONA,L'ESTARTIT,420314N,031205E,1
0394X,GIRONA,LA VALL DE BIANYA,421238N,022819E,350
0411X,GIRONA,CASTELLÓ D'EMPÚRIES,421329N,030535E,2
0413A,GIRONA,MAÇANET DE CABRENYS,422313N,024520E,355
0421E,GIRONA,ESPOLLA 'LES ALBERES',422324N,030022E,100
0421X,GIRONA,ESPOLLA,422324N,030022E,100
0429X,GIRONA,FIGUERES,421533N,025737E,45
0433D,GIRONA,CABO DE CREUS,421909N,031856E,75
1002Y,NAVARRA,"BAZTAN, IRURITA",430809N,013235W,183
1010X,NAVARRA,BERA,431643N,014033W,54
1012P,GIPUZKOA,IRUN,431935N,014748W,120
1014,GIPUZKOA,"HONDARRIBIA, MALKARROA",432125N,014732W,4
1014A,GIPUZKOA,DONOSTIA / SAN SEBASTIÁN AEROPUERTO,432125N,014732W,4
1021X,GIPUZKOA,"ERRENTERIA, AÑARBE",431250N,015244W,165
1021Y,NAVARRA,ARTICUTZA (AUTOMATICA),431244N,014752W,305
1024E,GIPUZKOA,"DONOSTIA / SAN SEBASTIÁN, IGELDO",431823N,020228W,250
1025A,GIPUZKOA,SEGURA,430056N,021524W,255
1025X,GIPUZKOA,"BEASAIN, ARRIARAN",430317N,021355W,255
1026X,GIPUZKOA,ORDIZIA,430329N,021103W,290
1033X,NAVARRA,ARESO,430506N,015703W,520
1037X,GIPUZKOA,LEGAZPI,430306N,022014W,460
1037Y,GIPUZKOA,ZUMARRAGA,430448N,021903W,420
1038X,GIPUZKOA,AZPEITIA,431021N,021602W,180
1041A,GIPUZKOA,ZUMAIA,431808N,021504W,28
1044X,ARABA/ALAVA,"ARAMAIO, ETXAGUEN",430328N,023523W,617
1048X,GIPUZKOA,ARETXABALETA,430130N,022757W,308
1049N,GIPUZKOA,ELGETA,430818N,022945W,470
1050J,GIPUZKOA,ELGOIBAR,431233N,022448W,119
1052A,GIPUZKOA,MUTRIKU,431902N,022350W,150
1055B,BIZKAIA,LEKEITIO,432237N,023037W,12
1056K,BIZKAIA,FORUA,432033N,024016W,45
1057B,BIZKAIA,MATXITXAKO,432714N,024510W,93
1059X,BIZKAIA,PUNTA GALEA,432230N,030118W,81
1060X,ARABA/ALAVA,AMURRIO,430301N,030020W,240
1064L,BIZKAIA,"OROZKO, IBARRA",430547N,025137W,270
1069Y,BIZKAIA,"ABADIÑO, URKIOLA",430557N,023839W,747
1074C,BIZKAIA,AMOREBIETA-ETXANO,431210N,024222W,100
1078C,BIZKAIA,BALMASEDA,431050N,031235W,210
1078I,BIZKAIA,GÜEÑES,431212N,030617W,208
1082,BIZKAIA,BILBAO AEROPUERTO,431753N,025423W,42
1083B,BIZKAIA,SOPUERTA,431647N,031007W,177
1083L,CANTABRIA,CASTRO URDIALES,432341N,031402W,45
1089U,CANTABRIA,RAMALES DE LA VICTORIA,431521N,032815W,80
1096X,CANTABRIA,"BARCENA DE CICERO, TRETO",432348N,032811W,10
1103X,CANTABRIA,SAN ROQUE DE RIOMIERA,431339N,034316W,849
1109,CANTABRIA,SANTANDER AEROPUERTO,432526N,034932W,3
1109X,CANTABRIA,SANTANDER AEROPUERTO,432543N,034953W,3
1110,CANTABRIA,"SANTANDER, CIUDAD",432754N,034908W,64
1111,CANTABRIA,SANTANDER,432928N,034802W,52
1111X,CANTABRIA,SANTANDER,432928N,034802W,51
1124E,CANTABRIA,VILLACARRIEDO,431444N,035058W,196
1135C,CANTABRIA,"LOS TOJOS, BÁRCENA MAYOR",430849N,041251W,460
1152C,CANTABRIA,SAN FELICES DE BUELNA,431619N,040255W,105
1154H,CANTABRIA,"TORRELAVEGA, SIERRAPANDO",432131N,040139W,110
1159,CANTABRIA,SAN VICENTE DE LA BARQUERA,432336N,042332W,38
1167B,CANTABRIA,"CAMALEÑO, FUENTE DE",430838N,044846W,1100
1167G,CANTABRIA,"MIRADOR DEL CABLE, PARQUE NACIONAL PICOS DE EUROPA",430918N,044811W,1910
1167J,CANTABRIA,"CORISCAO, PARQUE NACIONAL PICOS DE EUROPA",430521N,044626W,1722
1174I,CANTABRIA,"CILLORIGO DE LIÉBANA, TAMA",431058N,043606W,250
1176A,CANTABRIA,TRESVISO,431521N,044006W,940
1178R,ASTURIAS,"SOTRES, PARQUE NACIONAL PICOS DE EUROPA",431415N,044412W,1236
1178Y,LEON,"POSADA DE VALDEÓN, SOTO ",430843N,045554W,953
1179B,ASTURIAS,CABRALES,431840N,045110W,458
1183X,ASTURIAS,LLANES,432513N,044453W,10
1186P,ASTURIAS,"AMIEVA, PANIZALES",431560N,050709W,370
1199X,ASTURIAS,"PILOÑA, BARGAÉU",432240N,052348W,280
1203D,ASTURIAS,COLUNGA,432932N,051450W,30
1207U,ASTURIAS,"GIJÓN, CAMPUS",433123N,053716W,26
1208,ASTURIAS,GIJÓN,433220N,053815W,3
1208A,ASTURIAS,GIJÓN. LA MERCED,433230N,053943W,22
1208H,ASTURIAS,"GIJÓN, PUERTO",433335N,054203W,5
1210X,ASTURIAS,CABO PEÑAS,433921N,055055W,100
1212E,ASTURIAS,ASTURIAS AEROPUERTO,433401N,060239W,127
1221D,ASTURIAS,PAJARES-VALGRANDE,425843N,054635W,1480
1223P,ASTURIAS,"LENA, RONZÓN",430758N,054922W,370
1226X,ASTURIAS,"ALLER, FELECHOSA",430543N,052837W,750
1234P,ASTURIAS,"MIERES, BAIÑA",431630N,054909W,170
1249I,ASTURIAS,OVIEDO,432112N,055227W,336
1249X,ASTURIAS,OVIEDO,432112N,055226W,334
1272B,ASTURIAS,"TINEO, SOUTU",431725N,062312W,280
1276F,ASTURIAS,POLA DE SOMIEDO,430600N,061525W,670
1279X,ASTURIAS,"SALAS, CAMUÑO",432530N,061351W,240
1283U,ASTURIAS,CABO BUSTO,433409N,062812W,60
1297E,LUGO,CERVANTES,424607N,070103W,1020
1302F,ASTURIAS,DEGAÑA,425719N,062821W,1310
1309C,ASTURIAS,"IBIAS, SAN ANTOLIN",430139N,065306W,780
1327A,ASTURIAS,"VILLAYÓN, ONETA",432756N,064024W,410
1331A,ASTURIAS,CASTROPOL,433129N,070153W,40
1341B,ASTURIAS,"TARAMUNDI, OURIA",432456N,070340W,340
1342X,LUGO,RIBADEO,433226N,070459W,43
1344X,LUGO,MONDOÑEDO,432553N,072142W,125
1347T,LUGO,BURELA,433904N,072126W,80
1351,A CORUÑA,ESTACA DE BARES,434710N,074106W,90
1354C,A CORUÑA,FERROL,432835N,081544W,4
1363X,A CORUÑA,AS PONTES,432645N,075141W,343
1387,A CORUÑA,A CORUÑA,432157N,082517W,57
1387D,A CORUÑA,A CORUÑA BENS,432148N,082631W,132
1387E,A CORUÑA,A CORUÑA AEROPUERTO,431825N,082219W,98
1390X,A CORUÑA,"CARBALLO, DEPURADORA",431213N,084240W,98
1393,A CORUÑA,CABO VILÁN,430938N,091239W,50
1399,A CORUÑA,VIMIANZO,430327N,090249W,287
1400,A CORUÑA,FISTERRA,425529N,091729W,230
1406X,A CORUÑA,MAZARICOS,425607N,085937W,340
1410X,A CORUÑA,SOBRADO,430216N,080120W,500
1428,A CORUÑA,SANTIAGO DE COMPOSTELA AEROPUERTO,425317N,082438W,370
1435C,A CORUÑA,NOIA,424801N,085234W,128
1437O,A CORUÑA,MONTE IROITE,424314N,085524W,685
1442U,A CORUÑA,BOIRO,423838N,085332W,10
1446X,LUGO,MONTERROSO,424835N,074606W,680
1455I,PONTEVEDRA,RODEIRO-VILAMAIOR,424240N,075714W,645
1465U,PONTEVEDRA,LALIN-CRISTIMIL,423956N,081133W,463
1466A,PONTEVEDRA,SILLEDA,424203N,081528W,435
1468X,PONTEVEDRA,A ESTRADA,424137N,083007W,269
1473A,A CORUÑA,PADRÓN,424418N,083738W,100
1475X,A CORUÑA,SANTIAGO DE COMPOSTELA,425234N,083321W,240
1476R,A CORUÑA,"ROIS, CASAS DO PORTO",424459N,084253W,210
1477U,PONTEVEDRA,VILAGARCIA DE AROUSA,423456N,084611W,36
1477V,PONTEVEDRA,VILAGARCÍA DE AROUSA,423505N,084629W,32
1484,PONTEVEDRA,"PONTEVEDRA, INSTITUTO",422550N,083850W,19
1484C,PONTEVEDRA,PONTEVEDRA,422618N,083657W,113
1486E,PONTEVEDRA,ESCUELA NAVAL DE MARÍN,422346N,084225W,3
1489A,PONTEVEDRA,A LAMA,422425N,082704W,395
1495,PONTEVEDRA,VIGO AEROPUERTO,421419N,083726W,255
1496X,PONTEVEDRA,VIGO ,421350N,084327W,120
1505,LUGO,LUGO AEROPUERTO,430640N,072727W,442
1518A,LUGO,LUGO,425954N,073309W,442
1521I,LUGO,O PÁRAMO,425043N,072958W,403
1521X,LUGO,BECERREÁ,425150N,071107W,1080
1541B,LEON,VILLABLINO,425544N,062002W,958
1542,ASTURIAS,PUERTO DE LEITARIEGOS,425939N,062451W,1530
1549,LEON,PONFERRADA,423350N,063600W,532
1561I,LEON,VEGA DE ESPINAREDA  ,424558N,064025W,770
1583X,OURENSE,O BARCO DE VALDEORRAS,422456N,065935W,315
1631E,OURENSE,A POBRA DE TRIVES,422022N,071657W,840
1639X,OURENSE,CHANDREXA DE QUEIXA,421537N,072301W,990
1658,LUGO,FOLGOSO DO COUREL,423519N,071130W,612
1679A,LUGO,MONFORTE DE LEMOS,423154N,073039W,291
1690A,OURENSE,OURENSE,421931N,075135W,146
1690B,OURENSE,"OURENSE,INSTITUTO",421956N,075152W,148
1696O,OURENSE,BEARIZ,422805N,081641W,610
1700X,OURENSE,O CARBALLIÑO,422517N,080533W,400
1701X,OURENSE,RIBADAVIA,421760N,080745W,112
1706A,OURENSE,ALLARIZ,421058N,074746W,492
1719,PONTEVEDRA,A CAÑIZA,421305N,081652W,560
1723X,PONTEVEDRA,"PONTEAREAS, CANEDO   ",421056N,082934W,90
1730E,PONTEVEDRA,O ROSAL,415638N,085051W,55
1735X,OURENSE,XINZO DE LIMIA,420445N,074401W,616
1738U,OURENSE,MUIÑOS,415603N,075920W,730
1740,CANTABRIA,"SANTILLANA DEL MAR, ALTAMIRA",432238N,040728W,150
2005Y,SORIA,"VINUESA, QUINTANAREJO",415804N,024658W,1197
2017Y,SORIA,"LA PÓVEDA DE SORIA, BARRIOMARTÍN",415945N,022939W,1260
2030,SORIA,SORIA,414630N,022859W,1081
2044B,SORIA,LUBIA,413602N,023027W,1100
2048A,SORIA,MORÓN DE ALMAZÁN,412510N,022513W,978
2059B,SORIA,LA RIBA DE ESCALOTE,412059N,024700W,1042
2084Y,SORIA,UCERO,414319N,030249W,960
2092,SORIA,BURGO DE OSMA,413522N,030513W,932
2096B,SORIA,LICERAS,412225N,031505W,1150
2106B,BURGOS,CORUÑA DEL CONDE,414445N,032255W,955
2117D,BURGOS,ARANDA DE DUERO,413957N,034434W,790
2135A,SEGOVIA,FRESNO DE CANTESPINO,412222N,033026W,993
2140A,SEGOVIA,ALDEANUEVA DE SERREZUELA,412752N,034709W,1135
2150H,SEGOVIA,"LA PINILLA, ESTACIÓN DE ESQUÍ",411131N,032831W,1798
2166Y,VALLADOLID,PEÑAFIEL,413535N,040729W,756
2172Y,VALLADOLID,SARDÓN DE DUERO,413643N,042420W,725
2182C,SEGOVIA,PEDRAZA,410802N,034725W,1107
2192C,SEGOVIA,CUÉLLAR,412301N,041556W,795
2235U,PALENCIA,CERVERA DE PISUERGA,425214N,043112W,1140
2243A,PALENCIA,AGUILAR DE CAMPOO,424753N,041638W,910
2276B,PALENCIA,VILLAELES DE VALDAVIA,423408N,043430W,908
2285B,BURGOS,VILLADIEGO,423126N,040004W,869
2290Y,BURGOS,PEDROSA DEL PRÍNCIPE,421504N,041156W,771
2296A,SORIA,ÓLVEGA,414632N,015836W,1039
2298,BURGOS,PALACIOS DE LA SIERRA,415735N,030754W,1080
2302N,BURGOS,MONTERRUBIO DE LA DEMANDA,420847N,030635W,1197
2311Y,BURGOS,VILLAMAYOR DE LOS MONTES,420619N,034604W,884
2331,BURGOS,BURGOS AEROPUERTO,422125N,033713W,891
2362C,PALENCIA,"VELILLA DEL RÍO CARRIÓN, CAMPORREDONDO DE ALBA",425338N,044249W,1575
2374X,PALENCIA,CARRIÓN DE LOS CONDES,422103N,043702W,830
2400E,PALENCIA,AUTILLA DEL PINO,415944N,043610W,874
2401,PALENCIA,"PALENCIA, OBSERVATORIO",420018N,043145W,750
2401X,PALENCIA,PALENCIA,420034N,043338W,736
2422,VALLADOLID,VALLADOLID,413826N,044515W,734
2430Y,AVILA,MUÑOTELLO,403236N,050239W,1178
2444,AVILA,ÁVILA,403933N,044047W,1130
2444C,AVILA,"ÁVILA, AYUNTAMIENTO",403924N,044201W,1143
2453E,AVILA,GOTARRENDURA,404944N,044431W,920
2456B,AVILA,AREVALO,410417N,044348W,820
2462,MADRID,PUERTO DE NAVACERRADA,404736N,040039W,1892
2465,SEGOVIA,SEGOVIA,405643N,040735W,1008
2465A,SEGOVIA,"SEGOVIA, INSTITUTO",405648N,040657W,990
2471Y,SEGOVIA,SAN RAFAEL,404307N,041243W,1237
2482B,SEGOVIA,MIGUELAÑEZ,410735N,042233W,870
2491C,SALAMANCA,"LA COVATILLA, ESTACIÓN DE ESQUÍ",402118N,054124W,1960
2503B,VALLADOLID,"OLMEDO, DEPÓSITO DE AGUA",411648N,044131W,786
2503X,VALLADOLID,OLMEDO,411933N,044113W,740
2507Y,VALLADOLID,RUEDA,412510N,045749W,724
2512Y,AVILA,RIVILLA DE BARAJAS,405256N,050107W,925
2517A,VALLADOLID,FUENTE EL SOL,411022N,045623W,755
2536D,ZAMORA,MORALES DEL TORO,413254N,051617W,710
2539,VALLADOLID,VALLADOLID AEROPUERTO,414243N,045120W,846
2555B,ZAMORA,FUENTESAUCO,411412N,052853W,811
2565,ZAMORA,CORESES,413319N,053750W,702
2568D,PALENCIA,"SANTERVÁS DE LA VEGA, VILLAPÚN ",423125N,045104W,985
2593D,VALLADOLID,VILLALÓN DE CAMPOS,420539N,050228W,782
2604B,VALLADOLID,MEDINA DE RIOSECO,415233N,050225W,731
2611D,ZAMORA,VILLAFÁFILA,415123N,053533W,690
2614,ZAMORA,ZAMORA,413056N,054407W,656
2624C,LEON,RIAÑO,425730N,050027W,1090
2626Y,LEON,CUBILLAS DE RUEDA,423712N,051136W,916
2630X,LEON,PUERTO DE SAN ISIDRO,430344N,052237W,1510
2661,LEON,"LEÓN, VIRGEN DEL CAMINO",423518N,053904W,916
2661B,LEON,LEÓN AEROPUERTO,423558N,053837W,912
2664B,LEON,VALENCIA DE DON JUAN,421745N,053017W,788
2701D,LEON,"BARRIOS DE LUNA, MIÑERA",425308N,055215W,1120
2728B,LEON,"QUINTANA DEL CASTILLO, VILLAMECA",423854N,060415W,995
2734D,LEON,ASTORGA,422836N,060428W,919
2737E,LEON,LAGUNAS DE SOMOZA,422239N,061148W,1020
2742R,LEON,BUSTILLO DEL PÁRAMO,422759N,054647W,850
2755X,ZAMORA,BENAVENTE,420039N,054000W,715
2766E,ZAMORA,"SANABRIA, ROBLEDA-CERVANTES",420457N,063823W,933
2775X,ZAMORA,VILLARDECIERVOS,415629N,061647W,850
2777K,ZAMORA,SANTIBAÑEZ DE VIDRIALES,420441N,060026W,737
2789H,ZAMORA,POZUELO DE TABARA,414708N,055432W,711
2804F,ZAMORA,VILLADEPERA,413202N,060831W,790
2811A,AVILA,NAVARREDONDA DE GREDOS,402102N,050835W,1525
2828Y,AVILA,BARCO DE AVILA,402119N,053109W,1012
2847X,SALAMANCA,PEDROSILLO DE LOS AIRES   ,404032N,053836W,865
2863C,SALAMANCA,PEDRAZA DE ALBA  ,404356N,052158W,897
2867,SALAMANCA,SALAMANCA AEROPUERTO,405734N,052954W,790
2870,SALAMANCA,SALAMANCA,405727N,053944W,775
2873X,SALAMANCA,BARBADILLO,405413N,054647W,817
2882D,ZAMORA,PEÑAUSENDE,411420N,055351W,1003
2885K,ZAMORA,FRESNO DE SAYAGO,411816N,060120W,804
2891A,SALAMANCA,VILLARINO DE LOS AIRES,411546N,062744W,690
2914C,SALAMANCA,BOADILLA FUENTE SAN ESTEBAN,404710N,061210W,785
2916A,SALAMANCA,VITIGUDINO,410041N,062616W,769
2918Y,SALAMANCA,EL MAÍLLO,403410N,061325W,1027
2926B,SALAMANCA,BAÑOBÁREZ,405105N,063632W,748
2930Y,SALAMANCA,NAVASFRÍAS,401748N,064846W,880
2945A,SALAMANCA,EL BODÓN BASE AÉREA,402906N,063437W,805
2946X,SALAMANCA,SAELICES EL CHICO,403806N,063600W,680
2966D,ZAMORA,ALCAÑICES  ,414100N,061805W,840
2969U,OURENSE,A GUDIÑA,420138N,071059W,910
2978X,OURENSE,VERÍN,415536N,072519W,380
3013,GUADALAJARA,MOLINA DE ARAGÓN,405030N,015244W,1062
3021Y,GUADALAJARA,ZAOREJAS,404530N,021159W,1250
3040Y,CUENCA,BETETA,403418N,020435W,1214
3044X,CUENCA,CAÑIZARES,403149N,020900W,928
3085Y,GUADALAJARA,PASTRANA,402428N,025711W,920
3094B,CUENCA,TARANCÓN,400043N,030117W,819
3099Y,TOLEDO,OCAÑA,395607N,032946W,733
3100B,MADRID,ARANJUEZ,400402N,033246W,540
3103,GUADALAJARA,PANTANO EL VADO,410013N,031807W,910
3104Y,MADRID,RASCAFRÍA,405323N,035318W,1159
3110C,MADRID,BUITRAGO DEL LOZOYA,410025N,033650W,1030
3111D,MADRID,SOMOSIERRA,410808N,033450W,1450
3125Y,MADRID,SAN SEBASTIÁN DE LOS REYES,403300N,033700W,672
3126Y,MADRID,"MADRID, EL GOLOSO",403341N,034243W,740
3129,MADRID,MADRID AEROPUERTO,402800N,033320W,609
3130C,GUADALAJARA,SIGÜENZA,410511N,023705W,1005
3140Y,GUADALAJARA,MANDAYONA,405906N,024536W,990
3168A,GUADALAJARA,"GUADALAJARA, INSTITUTO",403805N,031000W,685
3168C,GUADALAJARA,"GUADALAJARA, EL SERRANILLO",403933N,031024W,639
3168D,GUADALAJARA,GUADALAJARA,403749N,030901W,727
3170Y,MADRID,ALCALA DE HENARES,403142N,031723W,605
3175,MADRID,TORREJÓN DE ARDOZ,402919N,032637W,607
3182Y,MADRID,ARGANDA DEL REY,401842N,032952W,533
3191E,MADRID,COLMENAR VIEJO,404146N,034554W,1004
3194U,MADRID,"MADRID, CIUDAD UNIVERSITARIA",402706N,034327W,664
3194Y,MADRID,POZUELO DE ALARCÓN,402654N,034848W,665
3195,MADRID,"MADRID, RETIRO",402442N,034041W,667
3196,MADRID,"MADRID, CUATRO VIENTOS",402232N,034710W,690
3200,MADRID,GETAFE,401758N,034320W,620
3209Y,GUADALAJARA,BRIHUEGA,404555N,025227W,835
3229Y,MADRID,TIELMES,401450N,031842W,594
3245Y,TOLEDO,TEMBLEQUE,394146N,033021W,635
3254Y,TOLEDO,MORA,394113N,034650W,717
3259,TOLEDO,"TOLEDO, LORENZANA",395134N,040132W,540
3260B,TOLEDO,TOLEDO,395305N,040243W,513
3266A,MADRID,PUERTO ALTO DEL LEÓN,404223N,040831W,1532
3268C,MADRID,ALPEDRETE,403935N,040103W,924
3298X,TOLEDO,SAN PABLO DE LOS MONTES,393249N,042102W,917
3305Y,TOLEDO,NAVAHERMOSA,393750N,042837W,750
3319D,AVILA,PUERTO DEL PICO,402023N,050046W,1285
3330Y,MADRID,ROZAS DE PUERTO REAL,401847N,042914W,890
3337U,AVILA,CEBREROS,402803N,042721W,850
3338,MADRID,ROBLEDO DE CHAVELA,402540N,041460W,763
3343Y,MADRID,VALDEMORILLO,402948N,040340W,884
3362Y,TOLEDO,CASTILLO DE BAYUELA,400630N,044050W,560
3365A,TOLEDO,TALAVERA DE LA REINA,395731N,045149W,372
3386A,CACERES,NAVALVILLAR DE IBOR,393530N,052330W,923
3391,AVILA,SOTILLO DE LA ADRADA,401719N,043527W,630
3422D,AVILA,CANDELEDA,400821N,051841W,350
3423I,CACERES,MADRIGAL DE LA VERA,400914N,052224W,464
3427Y,TOLEDO,OROPESA,395936N,050652W,345
3434X,CACERES,NAVALMORAL DE LA MATA,395645N,053457W,269
3436D,CACERES,GARGANTA LA OLLA,400640N,054705W,690
3448X,CACERES,SERRADILLA,394915N,060739W,406
3455X,CACERES,JARAICEJO,394012N,054830W,559
3463X,CACERES,TRUJILLO,392857N,055115W,503
3463Y,CACERES,TRUJILLO,392751N,055227W,523
3469,CACERES,"CÁCERES, CIUDAD",392833N,062235W,459
3469A,CACERES,CÁCERES,392817N,062020W,394
3475X,CACERES,CAÑAVERAL,394726N,062235W,373
3494U,CACERES,NUÑOMORAL,402429N,061423W,470
3503,CACERES,GUIJO DE GRANADILLA,401122N,061003W,393
3504X,CACERES,HERVÁS,401554N,055140W,724
3512X,CACERES,MONTEHERMOSO,400451N,062020W,351
3514B,CACERES,TORNAVACAS,401531N,054042W,991
3516X,CACERES,PIORNAL,400715N,054957W,1260
3519X,CACERES,PLASENCIA,400235N,060509W,415
3526X,CACERES,CORIA,400013N,063327W,313
3531X,CACERES,TORRECILLA DE LOS ANGELES,401518N,062442W,459
3536X,CACERES,HOYOS,401029N,064328W,560
3540X,CACERES,ZARZA LA MAYOR,395217N,065136W,336
3547X,CACERES,VALVERDE DEL FRESNO,401226N,065346W,450
3562X,CACERES,ALISEDA,392539N,064411W,321
3565X,CACERES,BROZAS,393705N,064442W,425
3576X,CACERES,VALENCIA DE ALCÁNTARA,392453N,071352W,444
4007Y,ALBACETE,OSSA DE MONTIEL,385757N,024442W,905
4051Y,CUENCA,ALCÁZAR DEL REY,400340N,024825W,875
4061X,TOLEDO,QUINTANAR DE LA ORDEN,393550N,030254W,692
4064Y,CIUDAD REAL,ALCAZAR DE SAN JUAN,392327N,031257W,640
4067,TOLEDO,MADRIDEJOS,392931N,033142W,690
4070Y,CUENCA,ABIA DE OBISPALIA,400108N,022343W,1020
4075Y,CUENCA,VILLARES DEL SAZ,395025N,023012W,870
4089A,CUENCA,ALBERCA DE ZANCARA,393101N,022945W,858
4090Y,CUENCA,SAN CLEMENTE,392500N,022514W,728
4091Y,ALBACETE,VILLARROBLEDO,391543N,023533W,718
4093Y,CUENCA,OSA DE LA VEGA,393922N,024536W,763
4095Y,CUENCA,BELMONTE,393319N,024220W,745
4096Y,ALBACETE,MUNERA,390100N,022920W,918
4103X,CIUDAD REAL,TOMELLOSO,391009N,030027W,662
4116I,CIUDAD REAL,ALMAGRO / FAMET,385703N,034431W,626
4121,CIUDAD REAL,CIUDAD REAL,385921N,035513W,626
4121C,CIUDAD REAL,"CIUDAD REAL, INSTITUTO",385916N,035545W,627
4138Y,CIUDAD REAL,VILLANUEVA DE LOS INFANTES,384415N,030016W,900
4147X,CIUDAD REAL,VALDEPEÑAS,384502N,032329W,700
4148,CIUDAD REAL,VISO DEL MARQUÉS,383105N,033400W,804
4193Y,CIUDAD REAL,EL ROBLEDO,391301N,041658W,587
4195E,CIUDAD REAL,"ALCORNOQUERA, PARQUE NACIONAL CABAÑEROS",391915N,042342W,651
4210Y,CIUDAD REAL,ABENÓJAR,385353N,041731W,718
4220X,CIUDAD REAL,PUEBLA DE DON RODRIGO,390501N,043719W,531
4236Y,CACERES,PUERTO REY ,392702N,050135W,689
4244X,BADAJOZ,HERRERA DEL DUQUE,391010N,050344W,447
4245X,CACERES,GUADALUPE,392719N,051960W,660
4260,BADAJOZ,PERALEDA DEL ZAUCEJO,382847N,053439W,542
4263X,CORDOBA,VALSEQUILLO,382434N,052102W,575
4267X,CORDOBA,HINOJOSA DEL DUQUE,382954N,050717W,551
4300Y,CIUDAD REAL,ALMADÉN,384631N,045043W,535
4325Y,BADAJOZ,CASTUERA,384431N,053145W,459
4339X,CACERES,CAÑAMERO,391851N,052208W,590
4340,BADAJOZ,NAVALVILLAR DE PELA,390612N,052741W,313
4347X,CACERES,ZORITA,391658N,054237W,413
4358X,BADAJOZ,DON BENITO,385720N,055250W,274
4362X,BADAJOZ,RETAMAL DE LLERENA,383435N,055045W,474
4386B,BADAJOZ,LLERENA,381354N,060101W,655
4395X,BADAJOZ,VILLAFRANCA DE LOS BARROS,383306N,061824W,430
4410X,BADAJOZ,MÉRIDA,385457N,062308W,228
4411C,CACERES,ALCUESCAR,391151N,061352W,467
4427X,BADAJOZ,ZAFRA,382533N,062612W,433
4436Y,BADAJOZ,ALMENDRALEJO,384120N,062140W,371
4452,BADAJOZ,BADAJOZ AEROPUERTO,385300N,064850W,186
4464X,BADAJOZ,ALBURQUERQUE,391055N,065943W,283
4468X,BADAJOZ,PUEBLA DE OBANDO,391036N,063603W,392
4478X,BADAJOZ,BADAJOZ,385310N,070034W,174
4486X,BADAJOZ,OLIVENZA,384151N,070504W,275
4489X,BADAJOZ,ALCONCHEL,382905N,071655W,170
4492F,BADAJOZ,BARCARROTA,382822N,065524W,377
4497X,BADAJOZ,VILLANUEVA DEL FRESNO,382220N,070929W,247
4499X,BADAJOZ,MONESTERIO,380453N,061619W,771
4501X,BADAJOZ,FUENTE DE CANTOS,381231N,061841W,602
4511C,BADAJOZ,JEREZ DE LOS CABALLEROS,381755N,064554W,381
4520X,BADAJOZ,FREGENAL DE LA SIERRA,381042N,063942W,586
4527X,HUELVA,AROCHE,375849N,065833W,267
4541X,HUELVA,EL GRANADO,373313N,073112W,60
4549Y,HUELVA,AYAMONTE,371141N,072342W,3
4554X,HUELVA,CARTAYA,371306N,070501W,15
4560Y,HUELVA,ALAJAR,375207N,064030W,572
4575X,HUELVA,VALVERDE DEL CAMINO,373431N,064604W,280
4584X,HUELVA,EL CERRO DE ANDÉVALO,374354N,065632W,270
4589X,HUELVA,"ALOSNO, THARSIS",373552N,070710W,276
4605,HUELVA,HUELVA,371524N,065659W,17
4608X,HUELVA,EL CAMPILLO,374038N,063748W,415
4622X,HUELVA,VILLARRASA,372703N,063812W,145
4642E,HUELVA,"HUELVA, RONDA ESTE",371642N,065442W,18
5000A,CEUTA,"CEUTA, MONTE HACHO",355344N,051732W,200
5000C,CEUTA,CEUTA,355319N,052049W,87
5038X,JAEN,CAZORLA,375457N,030014W,782
5038Y,JAEN,CAZORLA,375457N,030014W,799
5047E,GRANADA,BAZA,373021N,024406W,785
5051X,GRANADA,HUÉSCAR,375141N,023910W,1100
5060X,ALMERIA,VÉLEZ BLANCO - TOPARES,375139N,021341W,1190
5103E,GRANADA,"CAMARATE 2, PARQUE NACIONAL SIERRA NEVADA",370930N,031525W,2152
5103F,GRANADA,"CAMARATE, PARQUE NACIONAL SIERRA NEVADA",371128N,031514W,1534
5107D,GRANADA,DÓLAR,371048N,025911W,1197
5164B,JAEN,BAEZA,375948N,032743W,771
5165X,JAEN,TORRES,374651N,033349W,910
5181D,JAEN,ARROYO DEL OJANCO,381853N,025323W,580
5192,JAEN,VILLARRODRIGO,382921N,023815W,862
5210X,JAEN,VILLANUEVA DEL ARZOBISPO,381030N,025953W,680
5246,JAEN,SANTA ELENA,382040N,033207W,770
5270,JAEN,"JAÉN, INSTITUTO",374635N,034720W,510
5270B,JAEN,JAÉN,374639N,034833W,580
5279X,JAEN,LINARES,380904N,033746W,515
5281X,JAEN,BAILÉN,380535N,034657W,345
5298X,JAEN,ANDÚJAR,380123N,040348W,202
5304Y,CIUDAD REAL,PUERTOLLANO,384008N,040333W,665
5341C,CIUDAD REAL,FUENCALIENTE,382544N,041806W,710
5346X,CORDOBA,CARDEÑA,381112N,041621W,720
5361X,CORDOBA,MONTORO,380048N,041949W,155
5390Y,CORDOBA,VILLANUEVA DE CÓRDOBA,381959N,043632W,750
5394X,CORDOBA,"CÓRDOBA, EMBALSE DE GUADANUÑO",380115N,044748W,525
5402,CORDOBA,CÓRDOBA AEROPUERTO,375056N,045048W,90
5406X,JAEN,ALCALÁ LA REAL,372951N,035429W,908
5412X,CORDOBA,PRIEGO DE CÓRDOBA,372905N,041228W,550
5427X,CORDOBA,DOÑA MENCÍA,373322N,042114W,650
5429X,CORDOBA,"CÓRDOBA, PRÁGDENA",374837N,042744W,275
5459X,CORDOBA,ESPIEL,380640N,045543W,465
5470,CORDOBA,FUENTE PALMERA,374511N,050602W,120
5473X,BADAJOZ,AZUAGA,381604N,054110W,581
5511,GRANADA,"PRADOLLANO, PARQUE NACIONAL SIERRA NEVADA",370352N,032217W,3092
5514,GRANADA,GRANADA BASE AÉREA,370814N,033753W,687
5514Z,GRANADA,GRANADA BASE AÉREA,370810N,033800W,695
5515D,GRANADA,VÍZNAR,371413N,033302W,1258
5515X,GRANADA,GRANADA-CARTUJA,371123N,033544W,775
5516D,GRANADA,SIERRA NEVADA 'RADIOTELESCOPIO',370347N,032313W,2856
5530E,GRANADA,GRANADA AEROPUERTO,371125N,034723W,560
5582A,GRANADA,LOJA,370940N,040910W,760
5598X,CORDOBA,BENAMEJÍ,371351N,043252W,465
5612B,SEVILLA,LA RODA DE ANDALUCÍA,371140N,044612W,410
5612X,SEVILLA,LORA DE ESTEPA,371613N,044937W,450
5624X,CORDOBA,AGUILAR DE LA FRONTERA,372855N,044109W,309
5625X,CORDOBA,LA RAMBLA,373819N,044550W,200
5641X,SEVILLA,ÉCIJA,373058N,050506W,130
5654X,SEVILLA,LA PUEBLA DE LOS INFANTES,374712N,052216W,200
5656,SEVILLA,FUENTES DE ANDALUCÍA,372950N,052559W,165
5702X,SEVILLA,CARMONA,373356N,054426W,50
5704B,SEVILLA,CAZALLA DE LA SIERRA,375535N,054611W,550
5726X,SEVILLA,GUADALCANAL,380558N,054909W,720
5733X,SEVILLA,ALMADÉN DE LA PLATA,374728N,060430W,450
5769X,HUELVA,CALA,375825N,061920W,618
5783,SEVILLA,SEVILLA AEROPUERTO,372500N,055245W,34
5788X,SEVILLA,"TOMARES, ZAUDÍN",372142N,060335W,84
5790Y,SEVILLA,"SEVILLA, TABLADA",372151N,060021W,9
5796,SEVILLA,MORÓN DE LA FRONTERA,370952N,053641W,87
5835X,SEVILLA,CARRIÓN DE LOS CÉSPEDES,372136N,062003W,76
5858X,HUELVA,ALMONTE,365919N,062635W,5
5860E,HUELVA,"MOGUER, EL ARENOSILLO",370553N,064417W,41
5891X,SEVILLA,LAS CABEZAS DE SAN JUAN,365712N,055048W,105
5906X,CADIZ,CHIPIONA,364500N,062402W,10
5910,CADIZ,"ROTA, BASE NAVAL",363820N,061957W,21
5911A,CADIZ,GRAZALEMA,364538N,052227W,913
5919X,CADIZ,OLVERA,365554N,051534W,530
5941X,CADIZ,EL BOSQUE,364346N,053044W,295
5950X,CADIZ,SAN JOSÉ DEL VALLE,363950N,054660W,105
5960,CADIZ,JEREZ DE LA FRONTERA AEROPUERTO,364502N,060321W,27
5972X,CADIZ,SAN FERNANDO,362756N,061220W,28
5973,CADIZ,CÁDIZ,362959N,061528W,2
5983X,CADIZ,MEDINA SIDONIA,362422N,055513W,70
5995B,CADIZ,VEJER DE LA FRONTERA,361444N,055754W,186
5996B,CADIZ,BARBATE,361105N,055434W,4
5998X,SEVILLA,OSUNA,371436N,050645W,255
6000A,MELILLA,MELILLA,351635N,025723W,52
6001,CADIZ,TARIFA,360050N,053556W,32
6032B,MALAGA,RONDA,364459N,051006W,766
6032X,MALAGA,RONDA INSTITUTO,364460N,051007W,760
6040X,MALAGA,CORTES DE LA FRONTERA,363240N,052311W,315
6042I,CADIZ,JIMENA DE LA FRONTERA,362608N,052342W,42
6045X,MALAGA,ALPANDEIRE,363757N,051211W,676
6050X,MALAGA,GAUCÍN,363107N,051907W,594
6056X,CADIZ,SAN ROQUE  ,361623N,051704W,1
6057X,MALAGA,MANILVA,362242N,051536W,140
6058I,MALAGA,ESTEPONA,362501N,050918W,19
6069X,MALAGA,BENAHAVÍS,363237N,050129W,392
6076X,MALAGA,"MARBELLA, PUERTO",362904N,045711W,2
6083X,MALAGA,MARBELLA,362860N,044425W,2
6084X,MALAGA,FUENGIROLA,363219N,043706W,8
6088X,MALAGA,TORREMOLINOS,363714N,043054W,85
6100B,MALAGA,ANTEQUERA AYUNTAMIENTO (AUTOMÁTICA THIES),370126N,043345W,515
6106X,MALAGA,ANTEQUERA,370146N,044454W,408
6127X,MALAGA,ÁLORA,365117N,044148W,172
6143X,MALAGA,COÍN,363928N,044539W,230
6155A,MALAGA,MÁLAGA AEROPUERTO,363958N,042856W,7
6156X,MALAGA,"MÁLAGA, CENTRO METEOROLÓGICO",364304N,042854W,54
6172O,MALAGA,"MÁLAGA, PUERTO",364260N,042511W,25
6172X,MALAGA,MÁLAGA,364260N,042511W,25
6175X,MALAGA,RINCÓN DE LA VICTORIA,364254N,041710W,7
6199X,MALAGA,VÉLEZ-MÁLAGA,364607N,040537W,41
6201X,MALAGA,ALGARROBO,364521N,040238W,35
6205X,MALAGA,TORROX,364335N,035726W,3
6213X,MALAGA,NERJA,364546N,035043W,169
6248D,GRANADA,"CAÑAR, PARQUE NACIONAL SIERRA NEVADA",365708N,032549W,1732
6258X,GRANADA,LANJARÓN,365523N,032933W,708
6267X,GRANADA,SALOBREÑA,364454N,033443W,20
6268X,GRANADA,MOTRIL,364322N,033149W,12
6268Y,GRANADA,"MOTRIL, PUERTO",364326N,033145W,3
6272X,GRANADA,CASTELL DE FERRO,364403N,032248W,235
6277B,ALMERIA,ADRA,364450N,030114W,8
6281X,GRANADA,VÁLOR,370019N,030417W,1020
6291B,ALMERIA,EL EJIDO,364629N,024847W,98
6293X,ALMERIA,ROQUETAS DE MAR,364113N,024206W,3
6297,ALMERIA,ALMERÍA,364952N,022720W,7
6299I,GRANADA,"LAGUNA SECA, PARQUE NACIONAL SIERRA NEVADA",370545N,025752W,2300
6302A,ALMERIA,ABLA,370829N,024648W,869
6307C,ALMERIA,"LAÚJAR, PARQUE NACIONAL SIERRA NEVADA",370311N,025350W,1713
6307X,ALMERIA,LÁUJAR DE ANDARAX,370160N,025445W,1510
6312E,ALMERIA,"RÁGOL, PARQUE NACIONAL SIERRA NEVADA",370115N,024038W,601
6325O,ALMERIA,ALMERÍA AEROPUERTO,365047N,022125W,21
6329X,ALMERIA,CABO DE GATA,364319N,021135W,42
6332X,ALMERIA,CARBONERAS,365849N,015413W,16
6332Y,ALMERIA,CARBONERAS,365632N,015425W,222
6335O,ALMERIA,"NACIMIENTO, PARQUE NACIONAL SIERRA NEVADA",370636N,024157W,970
6340X,ALMERIA,GARRUCHA,371009N,014943W,28
6364X,ALMERIA,ALBOX,372424N,020905W,508
6367B,ALMERIA,HUÉRCAL-OVERA,372326N,015637W,300
6375X,MALAGA,FUENTE DE PIEDRA,370756N,044431W,420
6381,ALMERIA,ALBORÁN,355618N,030210W,15
7002Y,MURCIA,ÁGUILAS,372502N,013513W,32
7007Y,MURCIA,MAZARRÓN,373517N,011350W,66
7012C,MURCIA,CARTAGENA,373604N,005916W,17
7012D,MURCIA,CARTAGENA,373616N,010124W,56
7019X,MURCIA,CARTAGENA/SALINAS CABO PALOS,373809N,004256W,3
7020C,MURCIA,MURCIA AEROPUERTO,374827N,010741W,205
7023X,MURCIA,FUENTE ÁLAMO DE MURCIA,374335N,011002W,140
7026X,MURCIA,TORRE-PACHECO,374420N,005803W,50
7031,MURCIA,SAN JAVIER AEROPUERTO,374720N,004812W,4
7031X,MURCIA,SAN JAVIER AEROPUERTO,374642N,004821W,4
7066Y,ALBACETE,"YESTE, EMBALSE FUENSANTA",382336N,021308W,680
7067Y,ALBACETE,NERPIO,380518N,022447W,1485
7072Y,ALBACETE,YESTE,381742N,021738W,960
7080X,MURCIA,MORATALLA,381606N,015911W,955
7096B,ALBACETE,HELLÍN,383231N,014211W,605
7103Y,ALBACETE,TOBARRA,383517N,014122W,615
7119B,MURCIA,CARAVACA DE LA CRUZ,380611N,015238W,643
7121A,MURCIA,CALASPARRA,381403N,014208W,350
7127X,MURCIA,BULLAS,380257N,014143W,690
7138B,MURCIA,JUMILLA,382732N,012007W,485
7145D,MURCIA,CIEZA,381358N,012250W,265
7158X,MURCIA,ARCHENA,380741N,011821W,150
7172X,MURCIA,MULA,380229N,012657W,255
7178I,MURCIA,MURCIA,380007N,011015W,62
7195X,MURCIA,"CARAVACA DE LA CRUZ, LOS ROYOS",375534N,020330W,985
7203A,MURCIA,"LORCA, ZARCILLA DE RAMOS",375041N,015211W,646
7209,MURCIA,LORCA,373917N,014114W,312
7211B,MURCIA,PUERTO LUMBRERAS,373405N,014750W,445
7218Y,MURCIA,TOTANA,374531N,013046W,281
7227X,MURCIA,ALHAMA DE MURCIA,375142N,012005W,157
7228,MURCIA,"ALCANTARILLA, BASE AÉREA",375728N,011343W,75
7237E,MURCIA,MOLINA DE SEGURA,380820N,010931W,170
7244X,ALICANTE,ORIHUELA,380404N,005853W,26
7247X,ALICANTE,EL PINÓS/PINOSO,382359N,010217W,575
7250C,MURCIA,ABANILLA,381140N,010202W,174
7261X,ALICANTE,ROJALES,380517N,004255W,31
7275C,MURCIA,YECLA,383606N,010935W,640
8005X,VALENCIA,FONTANARS DELS ALFORINS,384648N,004745W,622
8008Y,ALICANTE,VILLENA,383437N,005156W,486
8013X,ALICANTE,NOVELDA,382308N,004528W,233
8018X,ALICANTE,ELX/ELCHE,381715N,004050W,110
8019,ALICANTE,ALICANTE-ELCHE AEROPUERTO,381658N,003415W,43
8025,ALICANTE,ALACANT/ALICANTE,382221N,002939W,81
8036Y,ALICANTE,BENIDORM,383237N,000816W,36
8050X,ALICANTE,JÁVEA/ XÀBIA,384703N,001000E,15
8057C,ALICANTE,PEGO,385048N,000706W,60
8058X,VALENCIA,OLIVA,385415N,000354W,1
8058Y,VALENCIA,MIRAMAR,385701N,000816W,12
8059C,ALICANTE,ALCOI/ALCOY,384239N,002736W,530
8072Y,VALENCIA,BARX,390101N,001817W,340
8084Y,CUENCA,PANTANO DE LA TOBA (AUTOMATICA),401321N,015533W,1154
8096,CUENCA,CUENCA,400402N,020755W,949
8155Y,CUENCA,MOTILLA DEL PALANCAR,393319N,015455W,830
8175,ALBACETE,ALBACETE BASE AÉREA,385715N,015123W,702
8177A,ALBACETE,CHINCHILLA,385615N,013932W,880
8178D,ALBACETE,ALBACETE,390020N,015144W,674
8193E,VALENCIA,JALANCE,391230N,010540W,372
8198Y,ALBACETE,ALMANSA,385102N,010347W,710
8203O,VALENCIA,ZARRA,390501N,010602W,881
8210Y,CUENCA,SALVACAÑETE,400611N,013013W,1160
8245Y,CUENCA,MIRA,394252N,012633W,815
8270X,VALENCIA,BICORP,390801N,004724W,305
8283X,VALENCIA,ONTINYENT,384946N,003628W,350
8293X,VALENCIA,XÀTIVA,390006N,003123W,88
8300X,VALENCIA,CARCAIXENT,390648N,002645W,25
8309X,VALENCIA,UTIEL,393432N,011441W,758
8325X,VALENCIA,POLINYÀ DE XÚQUER,391102N,002217W,11
8337X,VALENCIA,TURÍS,392332N,003729W,186
8354X,TERUEL,ALBARRACÍN,402511N,012629W,1130
8368U,TERUEL,TERUEL,402103N,010727W,902
8376,TERUEL,JABALOYAS,401410N,012442W,1430
8381X,VALENCIA,ADEMUZ,400338N,011701W,705
8395X,VALENCIA,CHELVA,394512N,005937W,515
8409X,VALENCIA,LLÍRIA,393950N,003914W,198
8414A,VALENCIA,VALENCIA AEROPUERTO,392906N,002829W,56
8416,VALENCIA,VALÈNCIA,392850N,002159W,11
8416X,VALENCIA,"VALENCIA, UPV",392846N,002014W,6
8416Y,VALENCIA,"VALÈNCIA, VIVEROS",392850N,002159W,11
8439X,CASTELLON,SEGORBE,394744N,002907W,400
8446Y,VALENCIA,SAGUNT/SAGUNTO,394203N,001532W,24
8458X,TERUEL,CEDRILLAS,402550N,005058W,1380
8472A,CASTELLON,MONTANEJOS,400516N,003249W,601
8486X,TERUEL,MOSQUERUELA,402145N,002716W,1515
8489X,CASTELLON,VILLAFRANCA DEL CID/VILAFRANCA,402600N,001520W,1130
8492X,CASTELLON,ATZENETA DEL MAESTRAT,401338N,001011W,420
8500A,CASTELLON,CASTELLÓ - ALMASSORA,395726N,000419W,43
8501,CASTELLON,CASTELLÓ DE LA PLANA,395921N,000156W,23
8503Y,CASTELLON,TORREBLANCA,401241N,001101E,35
8520X,CASTELLON,LA POBLA DE BENIFASSÀ-FREDES,404137N,000955E,1165
8523X,CASTELLON,VINARÒS,403315N,002547E,111
9001D,CANTABRIA,REINOSA,425931N,040938W,870
9001S,CANTABRIA,ALTO CAMPOO,430212N,042228W,1650
9012E,BURGOS,SANTA GADEA DE ALFOZ,425705N,035726W,915
9016X,CANTABRIA,"VALDERREDIBLE, CUBILLO DE EBRO",424835N,040156W,770
9019B,CANTABRIA,"VALDERREDIBLE, POLIENTES   ",424822N,035602W,720
9027X,BURGOS,SARGENTES DE LA LORA,424449N,035304W,1017
9031C,BURGOS,BRIVIESCA,423334N,031832W,730
9051,BURGOS,MEDINA DE POMAR,425512N,032858W,580
9060X,ARABA/ALAVA,LALASTRA,425231N,031354W,910
9069C,BURGOS,MIRANDA DE EBRO,424114N,025738W,460
9073X,ARABA/ALAVA,"AGURAIN/SALVATIERRA, OPAKUA",424947N,022135W,660
9087,ARABA/ALAVA,VITORIA AERÓDROMO,425059N,023922W,521
9091O,ARABA/ALAVA,FORONDA-TXOKIZA,425255N,024406W,513
9091R,ARABA/ALAVA,VITORIA-GASTEIZ AEROPUERTO,425219N,024358W,513
9111,BURGOS,BELORADO,422516N,031013W,820
9115X,LA RIOJA,VALDEZCARAY,421518N,025805W,1630
9121X,LA RIOJA,HARO,423431N,025117W,465
9122I,ARABA/ALAVA,LABASTIDA,423614N,024636W,612
9136X,LA RIOJA,"ANGUIANO, VALVANERA",421351N,025216W,1006
9141V,LA RIOJA,NÁJERA,422451N,024336W,500
9145X,ARABA/ALAVA,LEZA,423402N,023758W,575
9145Y,LA RIOJA,CENICERO,422858N,023822W,429
9170,LA RIOJA,"LOGROÑO, AEROPUERTO",422708N,021952W,353
9171K,NAVARRA,LOS ARCOS,423413N,021102W,470
9178X,ARABA/ALAVA,CAMPEZO/KANPEZU,424014N,022046W,570
9188,LA RIOJA,ENCISO,420858N,021624W,855
9195C,HUESCA,ASTÚN- LA RACA,424735N,003019W,2276
9198X,HUESCA,CANFRANC,424458N,003058W,1197
9201K,HUESCA,JACA,423444N,003249W,823
9201X,HUESCA,JACA,423447N,003242W,832
9207,HUESCA,"VALLE DE HECHO, HECHO",424426N,004502W,860
9208E,HUESCA,ARAGÜÉS DEL PUERTO,424231N,004022W,1025
9211F,HUESCA,"BAILO, PUYALTO",423051N,004902W,722
9218A,NAVARRA,ISABA/IZABA,425145N,005529W,838
9228J,NAVARRA,OROZ-BETELU/OROTZ-BETELU,425346N,011801W,635
9228T,NAVARRA,RONCESVALLES/ORREAGA,430028N,011932W,947
9238X,NAVARRA,NAVASCUÉS/NABASKOZE,424303N,010702W,612
9244X,ZARAGOZA,SOS DEL REY CATÓLICO,422927N,011248W,626
9245X,NAVARRA,CÁSEDA,423117N,012159W,440
9252X,NAVARRA,OLITE/ERRIBERRI,422921N,013920W,390
9257X,NAVARRA,"ESTERIBAR, EMBALSE DE EUGI",425814N,013101W,615
9262,NAVARRA,PAMPLONA,424904N,013818W,450
9262P,NAVARRA,MONREAL/ELO,424204N,012944W,585
9263D,NAVARRA,"PAMPLONA, AEROPUERTO",424637N,013900W,459
9263X,NAVARRA,"ARANGUREN, ILUNDAIN",424634N,013157W,572
9274X,NAVARRA,IRURTZUN,425508N,015006W,432
9280B,NAVARRA,LARRAGA,423258N,015127W,375
9283X,NAVARRA,CADREITA,421225N,014241W,268
9287A,SORIA,SAN PEDRO MANRIQUE,420135N,021351W,1096
9293X,LA RIOJA,"ALFARO, LA PLANA",421034N,014438W,371
9294E,NAVARRA,"BARDENAS REALES, BASE AÉREA",421155N,012831W,295
9299X,ZARAGOZA,TARAZONA,415454N,014324W,475
9301X,NAVARRA,MONTEAGUDO,415732N,014126W,410
9302Y,NAVARRA,TUDELA,420320N,013634W,297
9321X,ZARAGOZA,EJEA DE LOS CABALLEROS,420716N,010823W,321
9336D,ZARAGOZA,CASTEJON DE VALDEJASA,415903N,005945W,543
9344C,SORIA,ARCOS DE JALÓN,411259N,021735W,863
9352A,SORIA,ALMAZUL,413429N,020825W,1000
9354X,ZARAGOZA,ALHAMA DE ARAGON,411735N,015343W,703
9374X,TERUEL,SANTA EULALIA DEL CAMPO,403400N,011915W,1000
9377Y,GUADALAJARA,EL PEDREGAL,404643N,013406W,1185
9381,TERUEL,"CALAMOCHA, AERÓDROMO",405154N,011818W,932
9381I,TERUEL,CALAMOCHA,405534N,011736W,884
9390,ZARAGOZA,DAROCA,410652N,012436W,774
9394X,ZARAGOZA,CALATAYUD,411952N,013843W,582
9427X,ZARAGOZA,LA ALMUNIA DE DOÑA GODINA,412852N,012251W,370
9434,ZARAGOZA,"ZARAGOZA, AEROPUERTO",413938N,010015W,249
9434P,ZARAGOZA,"ZARAGOZA, VALDESPARTERA",413716N,005605W,258
9436X,TERUEL,FONFRÍA,405943N,010515W,1255
9445L,HUESCA,"FORMIGAL, SARRIOS",424545N,002334W,1800
9451F,HUESCA,"PANTICOSA, PETROSOS",424216N,001631W,1850
9453X,HUESCA,"BIESCAS, EMBALSE DE BÚBAL",424157N,001908W,1100
9460X,HUESCA,SABIÑÁNIGO,423046N,002120W,775
9491X,HUESCA,ALMUDÉVAR,420146N,003509W,390
9495Y,ZARAGOZA,LECIÑENA,414748N,003702W,405
9501X,ZARAGOZA,VALMADRID,412635N,005309W,535
9510X,ZARAGOZA,QUINTO,412545N,003014W,205
9513X,TERUEL,MUNIESA,410152N,004820W,800
9531Y,TERUEL,MONTALBÁN,404943N,004734W,895
9546B,TERUEL,HIJAR,411019N,002631W,305
9550C,TERUEL,"ANDORRA, HORCALLANA",405828N,002428W,762
9561X,TERUEL,CASTELLOTE,404754N,001855W,755
9562X,CASTELLON,MORELLA,403718N,000607W,990
9563X,CASTELLON,CASTELLFORT,402955N,001112W,1220
9569A,TERUEL,CALANDA,405648N,001416W,466
9573X,TERUEL,ALCAÑIZ,410329N,000830W,334
9574B,ZARAGOZA,"CASPE, PLANA DEL PILÓN",411433N,000407W,215
9576C,ZARAGOZA,BUJARALOZ,413119N,001027W,357
9585,GIRONA,LA MOLINA,421957N,015622E,1699
9590,LLEIDA,MARTINET  ,422144N,014136E,1038
9590D,LLEIDA,CAP DE REC,422549N,014003E,1940
9619,LLEIDA,LA SEU D'URGELL,422117N,012746E,677
9632X,LLEIDA,TUIXENT,421349N,013410E,1196
9638D,LLEIDA,COLL DE NARGÓ,420916N,011843E,609
9647X,LLEIDA,TORÀ,414821N,012344E,435
9650X,LLEIDA,ARTESA DE SEGRE,415253N,010631E,400
9657X,LLEIDA,ESTERRI D'ÀNEU,423730N,010734E,952
9660,LLEIDA,SANT MAURICI (LLAC),423451N,010027E,1907
9677,LLEIDA,PORT AINÉ,422436N,011253E,2410
9689X,LLEIDA,TORRE DE CABDELLA ,422759N,005927E,1273
9698U,LLEIDA,TALARN,421217N,005153E,807
9707,LLEIDA,LLIMIANA,420401N,005426E,515
9718X,LLEIDA,TORDERA - GRANYANELLA,414052N,011323E,463
9720X,LLEIDA,TÀRREGA,413902N,010858E,388
9724X,LLEIDA,OS DE BALAGUER,415224N,004522E,520
9726E,TARRAGONA,LLORAC,413326N,011834E,657
9729X,LLEIDA,MOLLERUSSA,413701N,005160E,252
9744B,LLEIDA,VALL DE BOÍ,423012N,004756E,1089
9751,HUESCA,SOPEIRA,421907N,004449E,760
9756X,HUESCA,BENABARRE,420645N,002848E,765
9771,LLEIDA,"LLEIDA, OBSERVATORIO",413702N,003716E,199
9771C,LLEIDA,LLEIDA,413734N,003553E,186
9772X,LLEIDA,LA POBLA DE CÉRVOLES,412158N,005449E,673
9775X,LLEIDA,EL SOLERÀS,412449N,004042E,392
9776D,LLEIDA,ELS TORMS,412336N,004403E,488
9784P,HUESCA,BIELSA,423748N,001329E,992
9808X,HUESCA,"AÍNSA-SOBRARBE, LA SERRETA",422518N,000817E,610
9812M,HUESCA,"PARADOR DE ORDESA, PARQUE NACIONAL ORDESA Y MONTEPERDIDO",423919N,000557W,1206
9814A,HUESCA,TORLA,423736N,000642W,1020
9814I,HUESCA,"TORLA-ORDESA, EL CEBOLLAR",423922N,000728W,1905
9814X,HUESCA,TORLA - ORDESA,423815N,000643W,1076
9838B,HUESCA,BENASQUE,423558N,003114E,1120
9839V,HUESCA,"CERLER, COGULLA",423318N,003235E,2374
9843A,HUESCA,SEIRA,422837N,002603E,825
9855E,HUESCA,"CAPELLA, LAGUARRES",421205N,002758E,600
9866C,HUESCA,BARBASTRO,420117N,000826E,305
9894Y,HUESCA,SARIÑENA,414757N,000939W,300
9898,HUESCA,"HUESCA, AEROPUERTO",420504N,001932W,546
9901X,HUESCA,HUESCA,420820N,002342W,463
9908X,HUESCA,LANAJA,414626N,001959W,380
9911X,HUESCA,BALLOBAR,413710N,001116E,178
9918Y,HUESCA,"TAMARITE DE LITERA, LA MELUSA",414651N,002237E,218
9924X,HUESCA,FRAGA,413129N,002120E,170
9935X,TERUEL,VALDERROBRES,405224N,000847E,483
9946X,TARRAGONA,HORTA DE SANT JOAN,405711N,001842E,495
9947X,TARRAGONA,LA POBLA DE MASSALUCA,411038N,002112E,370
9961X,TARRAGONA,CABACÉS,411458N,004407E,363
9975X,TARRAGONA,RASQUERA,410018N,003649E,112
9981A,TARRAGONA,ESTACIÓN DE TORTOSA (ROQUETES),404913N,002936E,50
9987P,TARRAGONA,SANT JAUME D'ENVEJA,404157N,004836E,1
9988B,LLEIDA,CAP DE VAQUÈIRA,424131N,005826E,2467
9990X,LLEIDA,"NAUT ARAN, ARTIES ",424201N,005237E,1161
9994X,LLEIDA,BOSSÒST,424634N,004123E,722
9995Y,NAVARRA,VALCARLOS/LUZAIDE,430528N,011803W,334
9998X,TERUEL,BELLO,405517N,012940W,1006
